customer_id,gender,senior_citizen,tenure,monthly_charges,contract,internet_service,churn
C001,Male,0,5,80,Month-to-month,Fiber optic,Yes
C002,Female,0,24,45,One year,DSL,No
C003,Male,1,2,95,Month-to-month,Fiber optic,Yes
C004,Female,0,36,55,One year,DSL,No
C005,Male,0,12,70,Month-to-month,Fiber optic,Yes
C006,Female,0,48,40,Two year,DSL,No
C007,Male,1,6,90,Month-to-month,Fiber optic,Yes
C008,Female,0,60,35,Two year,DSL,No
C009,Male,0,18,65,Month-to-month,Fiber optic,Yes
C010,Female,0,30,50,One year,DSL,No
C011,Male,0,8,85,Month-to-month,Fiber optic,Yes
C012,Female,0,42,48,Two year,DSL,No
C013,Male,1,3,92,Month-to-month,Fiber optic,Yes
C014,Female,0,55,38,Two year,DSL,No
C015,Male,0,15,75,Month-to-month,Fiber optic,Yes
C016,Female,0,40,52,One year,DSL,No
C017,Male,1,4,88,Month-to-month,Fiber optic,Yes
C018,Female,0,50,42,Two year,DSL,No
C019,Male,0,10,78,Month-to-month,Fiber optic,Yes
C020,Female,0,32,49,One year,DSL,No